http://slatestarcodex.com/2015/09/11/book-review-manufacturing-consent/,109
http://slatestarcodex.com/2015/09/05/if-you-cant-make-predictions-youre-still-in-a-crisis/,220
http://slatestarcodex.com/2015/09/03/theses-on-trump/,130
http://slatestarcodex.com/2015/09/02/ot27-a-comment-appears/,0
http://slatestarcodex.com/2015/08/31/magic-markers/,38
http://slatestarcodex.com/2015/08/30/links-815-linkering-doubts/,11
http://slatestarcodex.com/2015/08/28/mysticism-and-pattern-matching/,218
http://slatestarcodex.com/2015/08/24/probabilities-without-models/,127
http://slatestarcodex.com/2015/08/20/on-overconfidence/,229
http://slatestarcodex.com/2015/08/19/ot26-au-bon-thread/,0
http://slatestarcodex.com/2015/08/17/the-goddess-of-everything-else-2/,287
http://slatestarcodex.com/2015/08/16/links-815-linkety-split/,10
http://slatestarcodex.com/2015/08/15/my-id-on-defensiveness/,128
http://slatestarcodex.com/2015/08/13/figureground-illusions/,10
http://slatestarcodex.com/2015/08/12/stop-adding-zeroes/,52
http://slatestarcodex.com/2015/08/11/book-review-chronicles-of-wasted-time/,208
http://slatestarcodex.com/2015/08/09/contrarians-crackpots-and-consensus/,66
http://slatestarcodex.com/2015/08/07/links-815-a-link-in-the-armor/,7
http://slatestarcodex.com/2015/08/05/ot25-obon-thread/,0
http://slatestarcodex.com/2015/08/04/contra-hallquist-on-scientific-rationality/,20
http://slatestarcodex.com/2015/08/02/stalin-and-summary-statistics/,28
http://slatestarcodex.com/2015/07/28/non-dual-awareness/,51
http://slatestarcodex.com/2015/07/24/links-715-from-link-where-rocky-peaks-climb-bleak-and-bare/,9
http://slatestarcodex.com/2015/07/23/the-general-factor-of-correctness/,89
http://slatestarcodex.com/2015/07/22/freedom-on-the-centralized-web/,166
http://slatestarcodex.com/2015/07/19/ot24-hopen-change/,0
http://slatestarcodex.com/2015/07/18/reverse-psychology/,151
http://slatestarcodex.com/2015/07/16/cbt-in-the-water-supply/,57
http://slatestarcodex.com/2015/07/13/things-that-sometimes-work-if-you-have-anxiety/,187
http://slatestarcodex.com/2015/07/08/links-715-link-carbon-battery/,9
http://slatestarcodex.com/2015/07/08/cultural-evolution-2-thanks-for-the-meme-rise/,0
http://slatestarcodex.com/2015/07/07/the-argument-from-cultural-evolution/,20
http://slatestarcodex.com/2015/07/04/ot23-thread-white-and-blue/,0
http://slatestarcodex.com/2015/07/03/the-case-of-the-famous-physicist/,37
http://slatestarcodex.com/2015/06/29/reflections-from-the-halfway-point/,100
http://slatestarcodex.com/2015/06/24/links-615-monsters-link/,25
http://slatestarcodex.com/2015/06/18/ot22-flow-my-tears-the-policeman-thread/,2
http://slatestarcodex.com/2015/06/17/nyc-meetup-621/,10
http://slatestarcodex.com/2015/06/15/fifty-more-swifties/,206
http://slatestarcodex.com/2015/06/14/fearful-symmetry/,811
http://slatestarcodex.com/2015/06/13/late-predictions-for-2015/,0
http://slatestarcodex.com/2015/06/09/michigan-meetup-613/,10
http://slatestarcodex.com/2015/06/08/links-615-everything-but-the-kitchen-link/,4
http://slatestarcodex.com/2015/06/06/against-tulip-subsidies/,2K+
http://slatestarcodex.com/2015/06/02/and-i-show-you-how-deep-the-rabbit-hole-goes/,10K+
http://slatestarcodex.com/2015/06/01/ot21-master-and-commenter/,1
http://slatestarcodex.com/2015/05/30/that-chocolate-study/,184
http://slatestarcodex.com/2015/05/29/no-time-like-the-present-for-ai-safety-work/,315
http://slatestarcodex.com/2015/05/24/links-515-link-floyd/,21
http://slatestarcodex.com/2015/05/22/ai-researchers-on-ai-risk/,547
http://slatestarcodex.com/2015/05/19/beware-summary-statistics/,40
http://slatestarcodex.com/2015/05/17/bicameral-reasoning/,53
http://slatestarcodex.com/2015/05/14/ot20-heavens-open/,0
http://slatestarcodex.com/2015/05/11/california-water-you-doing/,3K+
http://slatestarcodex.com/2015/05/08/links-515-tall-and-linky/,2
http://slatestarcodex.com/2015/05/07/growth-mindset-4-growth-of-office/,29
http://slatestarcodex.com/2015/05/06/the-future-is-filters/,105
http://slatestarcodex.com/2015/04/30/prescriptions-paradoxes-and-perversities/,365
http://slatestarcodex.com/2015/04/26/ot19-dont-thread-on-me/,0
http://slatestarcodex.com/2015/04/25/nefarious-nefazodone-and-flashy-rare-side-effects/,192
http://slatestarcodex.com/2015/04/22/growth-mindset-3-a-pox-on-growth-your-houses/,70
http://slatestarcodex.com/2015/04/21/universal-love-said-the-cactus-person/,1K+
http://slatestarcodex.com/2015/04/20/links-415-link-and-youre-dead/,0
http://slatestarcodex.com/2015/04/19/blame-theory/,147
http://slatestarcodex.com/2015/04/18/polemical-imbalance/,0
http://slatestarcodex.com/2015/04/15/trouble-walking-down-the-hallway/,340
http://slatestarcodex.com/2015/04/13/ot18-istanbul-not-constantinopen/,0
http://slatestarcodex.com/2015/04/10/michigan-meetup-414/,0
http://slatestarcodex.com/2015/04/10/i-will-never-have-the-ability-to-clearly-explain-my-beliefs-about-growth-mindset/,37
http://slatestarcodex.com/2015/04/08/no-clarity-around-growth-mindset-yet/,163
http://slatestarcodex.com/2015/04/07/no-physical-substrate-no-problem/,121
http://slatestarcodex.com/2015/04/06/links-315-duke-of-url/,2
http://slatestarcodex.com/2015/04/05/chemical-imbalance/,170
http://slatestarcodex.com/2015/03/31/rational-orthography-2/,32
http://slatestarcodex.com/2015/03/29/ot17-their-hand-is-at-your-threads-yet-ye-see-them-not/,0
http://slatestarcodex.com/2015/03/27/highlights-from-my-notes-from-another-psychiatry-conference/,230
http://slatestarcodex.com/2015/03/26/high-energy-ethics/,307
http://slatestarcodex.com/2015/03/25/is-everything-a-religion/,211
http://slatestarcodex.com/2015/03/23/links-315-linksmanship/,39
http://slatestarcodex.com/2015/03/21/list-of-passages-i-highlighted-in-my-copy-of-machinery-of-freedom/,41
http://slatestarcodex.com/2015/03/18/book-review-the-machinery-of-freedom/,71
http://slatestarcodex.com/2015/03/16/list-of-passages-i-highlighted-in-my-copy-of-willpower/,37
http://slatestarcodex.com/2015/03/15/answer-to-job/,474
http://slatestarcodex.com/2015/03/12/ot16-avada-threadavra/,0
http://slatestarcodex.com/2015/03/12/book-review-willpower/,22
http://slatestarcodex.com/2015/03/11/too-good-to-be-true/,50
http://slatestarcodex.com/2015/03/08/links-315-the-url-of-great-price/,0
http://slatestarcodex.com/2015/03/06/effective-altruists-not-as-mentally-ill-as-you-think/,9
http://slatestarcodex.com/2015/03/05/a-cascade-of-dunbar-numbers/,10
http://slatestarcodex.com/2015/03/04/a-series-of-unprincipled-exceptions/,105
http://slatestarcodex.com/2015/03/01/california-meetups-rererevised/,2
http://slatestarcodex.com/2015/02/28/early-intervention-you-might-get-what-you-pay-for/,11
http://slatestarcodex.com/2015/02/20/ot15-open-relationship/,0
http://slatestarcodex.com/2015/02/19/links-215-land-of-linkin/,6
http://slatestarcodex.com/2015/02/17/pharma-virumque/,239
http://slatestarcodex.com/2015/02/16/did-falling-testosterone-affect-falling-crime/,37
http://slatestarcodex.com/2015/02/14/how-likely-are-multifactorial-trends/,6
http://slatestarcodex.com/2015/02/14/drug-testing-welfare-users-is-a-sham-but-not-for-the-reasons-you-think/,1K+
http://slatestarcodex.com/2015/02/12/money-money-everywhere-but-not-a-cent-to-spend/,116
http://slatestarcodex.com/2015/02/11/black-people-less-likely/,115
http://slatestarcodex.com/2015/02/09/ot14-tragedy-of-the-comments/,11
http://slatestarcodex.com/2015/02/08/the-efficacy-of-everything-in-psychiatry-in-one-graph-plus-several-pages-of-dense-but-necessary-explanation/,41
http://slatestarcodex.com/2015/02/06/everything-not-obligatory-is-forbidden/,386
http://slatestarcodex.com/2015/02/04/links-215-linkconceivable/,7
http://slatestarcodex.com/2015/02/02/practically-a-book-review-dying-to-be-free/,187
http://slatestarcodex.com/2015/02/01/talents-part-2-attitude-vs-altitude/,25
http://slatestarcodex.com/2015/01/31/the-parable-of-the-talents/,700
http://slatestarcodex.com/2015/01/27/ot13-thread-the-blood-of-angry-men/,0
http://slatestarcodex.com/2015/01/25/a-philosopher-walks-into-a-coffee-shop/,3K+
http://slatestarcodex.com/2015/01/24/perceptions-of-required-ability-act-as-a-proxy-for-actual-required-ability-in-explaining-the-gender-gap/,463
http://slatestarcodex.com/2015/01/21/these-are-a-few-more-of-my-least-favorite-things/,139
http://slatestarcodex.com/2015/01/17/links-12014-link-for-you-know-not-whence-you-came-nor-why/,28
http://slatestarcodex.com/2015/01/15/depression-is-not-a-proxy-for-social-dysfunction/,262
http://slatestarcodex.com/2015/01/13/evil-is-anti-inductive/,13
http://slatestarcodex.com/2015/01/12/the-physics-diet/,21
http://slatestarcodex.com/2015/01/11/the-phatic-and-the-anti-inductive/,44
http://slatestarcodex.com/2015/01/09/ot12-openness-to-threadxperience/,1
http://slatestarcodex.com/2015/01/06/links-12015-an-extraordinary-url-in-an-ordinary-world/,2
http://slatestarcodex.com/2015/01/05/chronic-psychitis/,31
http://slatestarcodex.com/2015/01/04/ethics-offsets/,27
http://slatestarcodex.com/2015/01/01/2014-predictions-calibration-results/,10
http://slatestarcodex.com/2015/01/01/untitled/,1K+
http://slatestarcodex.com/2014/12/28/links-1214-auld-link-syne/,2
http://slatestarcodex.com/2014/12/25/book-review-whats-wrong-with-the-world/,12
http://slatestarcodex.com/2014/12/24/there-are-rules-here/,64
http://slatestarcodex.com/2014/12/19/ot11-openezer-scrooge/,8
http://slatestarcodex.com/2014/12/19/nobody-is-perfect-everything-is-commensurable/,597
http://slatestarcodex.com/2014/12/17/the-toxoplasma-of-rage/,6K+
http://slatestarcodex.com/2014/12/13/debunked-and-well-refuted/,98
http://slatestarcodex.com/2014/12/12/beware-the-man-of-one-study/,1K+
http://slatestarcodex.com/2014/12/08/links-1214-come-ye-to-bethlinkhem/,48
http://slatestarcodex.com/2014/12/07/a-story-with-zombies/,144
http://slatestarcodex.com/2014/12/03/ot10-we-thread-kings/,1
http://slatestarcodex.com/2014/12/03/framing-for-light-instead-of-heat/,277
http://slatestarcodex.com/2014/12/02/book-review-on-the-road/,1K+
http://slatestarcodex.com/2014/11/30/cyber-monday-product-recommendations/,0
http://slatestarcodex.com/2014/11/27/such-mixed-feelings-about-crazymeds/,139
http://slatestarcodex.com/2014/11/27/why-i-am-not-rene-descartes/,232
http://slatestarcodex.com/2014/11/25/race-and-justice-much-more-than-you-wanted-to-know/,1K+
http://slatestarcodex.com/2014/11/23/links-1114-i-link-therefore-i-am/,7
http://slatestarcodex.com/2014/11/22/ot9-the-thread-pirate-roberts/,3
http://slatestarcodex.com/2014/11/21/the-categories-were-made-for-man-not-man-for-the-categories/,882
http://slatestarcodex.com/2014/11/21/prisons-are-built-with-bricks-of-law-aâ€¦thels-with-bricks-of-religion-but-that-doesnt-prove-a-causal-relationship/,68
http://slatestarcodex.com/2014/11/17/republicans-are-douchebags/,80
http://slatestarcodex.com/2014/11/16/ley-lines-of-the-midwest/,17
http://slatestarcodex.com/2014/11/14/the-dark-side-of-divorce/,32
http://slatestarcodex.com/2014/11/12/how-to-use-23andme-irresponsibly/,77
http://slatestarcodex.com/2014/11/10/ot8-love-is-an-open-thread/,0
http://slatestarcodex.com/2014/11/08/more-links-for-november-2014/,19
http://slatestarcodex.com/2014/11/08/growing-old/,76
http://slatestarcodex.com/2014/11/05/the-right-to-waive-your-rights/,42
http://slatestarcodex.com/2014/11/04/ethnic-tension-and-meaningless-arguments/,276
http://slatestarcodex.com/2014/11/03/all-in-all-another-brick-in-the-motte/,548
http://slatestarcodex.com/2014/11/01/links-for-november-2014/,11
http://slatestarcodex.com/2014/10/30/michigan-meetup-119/,0
http://slatestarcodex.com/2014/10/28/open-thread-7-the-hunt-for-thread-october/,1
http://slatestarcodex.com/2014/10/26/alcoholics-anonymous-much-more-than-you-wanted-to-know/,695
http://slatestarcodex.com/2014/10/23/book-review-a-future-for-socialism/,24
http://slatestarcodex.com/2014/10/20/in-the-future-everyone-will-be-famous-to-fifteen-people/,50
http://slatestarcodex.com/2014/10/18/more-links-for-october-2014/,4
http://slatestarcodex.com/2014/10/16/five-case-studies-on-politicization/,2K+
http://slatestarcodex.com/2014/10/12/five-planets-in-search-of-a-sci-fi-story/,28
http://slatestarcodex.com/2014/10/10/open-thread-6-open-renewal/,0
http://slatestarcodex.com/2014/10/07/tumblr-on-miri/,13
http://slatestarcodex.com/2014/10/06/links-for-october-2014/,10
http://slatestarcodex.com/2014/10/05/prediction-goes-to-war/,4
http://slatestarcodex.com/2014/10/02/simpler-times/,0
http://slatestarcodex.com/2014/10/01/the-battle-hymn/,0
http://slatestarcodex.com/2014/09/30/i-can-tolerate-anything-except-the-outgroup/,8K+
http://slatestarcodex.com/2014/09/28/even-more-links-for-september-2014/,0
http://slatestarcodex.com/2014/09/27/bottomless-pits-of-suffering/,31
http://slatestarcodex.com/2014/09/27/cuddle-culture/,14
http://slatestarcodex.com/2014/09/26/i-am-being-framed/,22
http://slatestarcodex.com/2014/09/25/why-no-science-of-nerds/,43
http://slatestarcodex.com/2014/09/24/streetlight-psychology/,72
http://slatestarcodex.com/2014/09/24/book-review-red-plenty/,135
http://slatestarcodex.com/2014/09/22/ssc-gives-a-wedding-speech/,27
http://slatestarcodex.com/2014/09/19/open-thread-5-my-best-friends-threadding/,1
http://slatestarcodex.com/2014/09/18/more-links-for-september-2014/,11
http://slatestarcodex.com/2014/09/17/joint-over-and-underdiagnosis/,220
http://slatestarcodex.com/2014/09/15/ozy-a-response-to-spandrell/,4
http://slatestarcodex.com/2014/09/14/does-class-warfare-have-a-free-rider-problem/,44
http://slatestarcodex.com/2014/09/13/book-review-singer-on-marx/,189
http://slatestarcodex.com/2014/09/12/what-the-hell-hegel/,32
http://slatestarcodex.com/2014/09/10/society-is-fixed-biology-is-mutable/,307
http://slatestarcodex.com/2014/09/08/links-for-september-2014/,68
http://slatestarcodex.com/2014/09/08/open-thread-4-the-quick-and-the-thread/,1
http://slatestarcodex.com/2014/09/05/mapmaker-mapmaker-make-me-a-map/,106
http://slatestarcodex.com/2014/09/04/cooperation-un-veiled/,4
http://slatestarcodex.com/2014/09/03/the-guardian-vs-induction/,165
http://slatestarcodex.com/2014/09/01/book-review-and-highlights-quantum-computing-since-democritus/,36
http://slatestarcodex.com/2014/08/31/radicalizing-the-romanceless/,1K+
http://slatestarcodex.com/2014/08/30/michigan-meetup-97/,0
http://slatestarcodex.com/2014/08/28/more-links-for-august/,3
http://slatestarcodex.com/2014/08/26/if-the-media-reported-on-other-dangers-like-it-does-ai-risk/,184
http://slatestarcodex.com/2014/08/24/the-invisible-nation-reconciling-utilitarianism-and-contractualism/,53
http://slatestarcodex.com/2014/08/23/nobody-likes-a-tattletale/,7
http://slatestarcodex.com/2014/08/20/ozys-anti-heartiste-faq/,82
http://slatestarcodex.com/2014/08/18/open-thread-3-threads-are-like-parachutes/,0
http://slatestarcodex.com/2014/08/17/links-for-august-2014/,0
http://slatestarcodex.com/2014/08/16/an-iron-curtain-has-descended-upon-psychopharmacology/,390
http://slatestarcodex.com/2014/08/16/burdens/,550
http://slatestarcodex.com/2014/08/14/fifty-swifties/,304
http://slatestarcodex.com/2014/08/14/beware-isolated-demands-for-rigor/,236
http://slatestarcodex.com/2014/08/12/does-race-exist-does-culture/,28
http://slatestarcodex.com/2014/08/11/does-the-glasgow-coma-scale-exist-do-comas/,11
http://slatestarcodex.com/2014/08/10/getting-eulered/,67
http://slatestarcodex.com/2014/08/09/friendship-is-still-countersignaling/,11
http://slatestarcodex.com/2014/08/06/random-noise-is-our-most-valuable-resource/,13
http://slatestarcodex.com/2014/08/05/negative-creativity/,13
http://slatestarcodex.com/2014/08/03/unspoken-ground-assumptions-of-discussion/,18
http://slatestarcodex.com/2014/08/01/misperceptions-on-moloch/,5
http://slatestarcodex.com/2014/07/30/meditations-on-moloch/,1K+
http://slatestarcodex.com/2014/07/28/weird-psychiatric-ads-of-the-seventies/,1K+
http://slatestarcodex.com/2014/07/25/more-links-for-july-2014/,53
http://slatestarcodex.com/2014/07/24/some-antibiotic-stagnation/,7
http://slatestarcodex.com/2014/07/22/the-other-codex/,0
http://slatestarcodex.com/2014/07/21/no-skyscraper-stagnation/,3
http://slatestarcodex.com/2014/07/21/promising-the-moon/,326
http://slatestarcodex.com/2014/07/18/open-thread-2-free-minds-free-threads/,0
http://slatestarcodex.com/2014/07/17/heartmath-considered-incoherent/,211
http://slatestarcodex.com/2014/07/17/psychotropic-base-rates-the-argument-from-antibiotics/,6
http://slatestarcodex.com/2014/07/14/ecclesiology-for-atheists/,74
http://slatestarcodex.com/2014/07/13/growing-children-for-bostroms-disneyland/,12
http://slatestarcodex.com/2014/07/11/links-for-july-2014/,2
http://slatestarcodex.com/2014/07/07/ssris-much-more-than-you-wanted-to-know/,486
http://slatestarcodex.com/2014/07/07/social-justice-and-words-words-words/,3K+
http://slatestarcodex.com/2014/07/06/list-of-the-passages-i-highlighted-in-my-copy-the-two-income-trap/,8
http://slatestarcodex.com/2014/07/04/ozy-vs-scott-on-charity-baskets/,1
http://slatestarcodex.com/2014/07/02/how-common-are-science-failures/,57
http://slatestarcodex.com/2014/06/30/medicine-as-not-seen-on-tv/,115
http://slatestarcodex.com/2014/06/29/invisible-women/,23
http://slatestarcodex.com/2014/06/28/book-review-the-two-income-trap/,256
http://slatestarcodex.com/2014/06/25/ssc-gets-world-cup-fever/,83
http://slatestarcodex.com/2014/06/24/the-placebo-singers/,0
http://slatestarcodex.com/2014/06/23/court-ing-disaster/,7
http://slatestarcodex.com/2014/06/21/the-art-of-writing-randian-monologues/,4
http://slatestarcodex.com/2014/06/20/ground-morality-in-party-politics/,19
http://slatestarcodex.com/2014/06/19/money-on-the-ground/,0
http://slatestarcodex.com/2014/06/18/more-links-for-june-2014/,6
http://slatestarcodex.com/2014/06/16/things-that-sometimes-help-if-youre-depressed/,229
http://slatestarcodex.com/2014/06/15/fish-now-by-prescription/,201
http://slatestarcodex.com/2014/06/14/living-by-the-sword/,293
http://slatestarcodex.com/2014/06/12/list-of-the-passages-i-highlighted-in-my-copy-of-jonathan-haidts-the-righteous-mind/,36
http://slatestarcodex.com/2014/06/09/constant-vigilance/,59
http://slatestarcodex.com/2014/06/09/minutes-from-the-michigan-rationalist-meetup/,1
http://slatestarcodex.com/2014/06/08/map-territory-distinctions/,33
http://slatestarcodex.com/2014/06/07/archipelago-and-atomic-communitarianism/,110
http://slatestarcodex.com/2014/06/05/dont-be-an-asch-hole/,6
http://slatestarcodex.com/2014/06/04/open-thread/,0
http://slatestarcodex.com/2014/06/03/asches-to-asches/,96
http://slatestarcodex.com/2014/06/03/southeast-michigan-meetup-68/,0
http://slatestarcodex.com/2014/06/02/links-for-june-2014/,2
http://slatestarcodex.com/2014/05/30/the-wonderful-thing-about-triggers/,726
http://slatestarcodex.com/2014/05/28/dont-fear-the-filter/,65
http://slatestarcodex.com/2014/05/27/on-types-of-typologies/,82
http://slatestarcodex.com/2014/05/26/compound-interest-is-the-least-powerful-force-in-the-universe/,51
http://slatestarcodex.com/2014/05/25/apologia-pro-vita-sua/,45
http://slatestarcodex.com/2014/05/24/nydwracus-fnords/,72
http://slatestarcodex.com/2014/05/23/ssc-gives-a-graduation-speech/,938
http://slatestarcodex.com/2014/05/19/nerds-can-be-bees-too/,34
http://slatestarcodex.com/2014/05/16/you-kant-dismiss-universalizability/,87
http://slatestarcodex.com/2014/05/14/more-links-for-may-2014/,8
http://slatestarcodex.com/2014/05/13/getting-a-therapist/,0
http://slatestarcodex.com/2014/05/12/weak-men-are-superweapons/,1K+
http://slatestarcodex.com/2014/05/10/infinite-debt/,59
http://slatestarcodex.com/2014/05/08/vote-on-values-outsource-beliefs/,119
http://slatestarcodex.com/2014/05/06/not-even-a-real-links-post-just-a-blatant-ad/,0
http://slatestarcodex.com/2014/05/06/evening-doc/,42
http://slatestarcodex.com/2014/05/05/not-even-a-real-links-post-just-a-link/,0
http://slatestarcodex.com/2014/05/04/emotionally-valent-links-post/,13
http://slatestarcodex.com/2014/05/02/causal-models-at-work/,12
http://slatestarcodex.com/2014/05/01/utopian-science/,24
http://slatestarcodex.com/2014/05/01/links-for-may-2014/,7
http://slatestarcodex.com/2014/04/28/the-control-group-is-out-of-control/,1K+
http://slatestarcodex.com/2014/04/26/stop-confounding-yourself-stop-confounding-yourself/,31
http://slatestarcodex.com/2014/04/25/metaphors-be-with-you/,85
http://slatestarcodex.com/2014/04/23/friendship-is-countersignaling/,59
http://slatestarcodex.com/2014/04/22/right-is-the-new-left/,729
http://slatestarcodex.com/2014/04/21/the-economics-of-art-and-the-art-of-economics/,137
http://slatestarcodex.com/2014/04/19/plutocracy-isnt-about-money/,39
http://slatestarcodex.com/2014/04/18/confounder-of-the-day-how-sexy-your-parents-were/,10
http://slatestarcodex.com/2014/04/17/someone-writes-an-anti-racist-faq/,12
http://slatestarcodex.com/2014/04/16/do-you-believe-me-doc/,21
http://slatestarcodex.com/2014/04/15/the-cowpox-of-doubt/,496
http://slatestarcodex.com/2014/04/14/links-for-april-2014/,19
http://slatestarcodex.com/2014/04/11/going-loopy/,38
http://slatestarcodex.com/2014/04/10/dermatology-quiz-answers/,2
http://slatestarcodex.com/2014/04/09/dermatology-pop-quiz/,4
http://slatestarcodex.com/2014/04/08/housekeeping-post-april-2014/,0
http://slatestarcodex.com/2014/04/03/the-study-of-anglophysics/,261
http://slatestarcodex.com/2014/03/30/wheat-much-more-than-you-wanted-to-know/,162
http://slatestarcodex.com/2014/03/28/the-characters-complaint/,61
http://slatestarcodex.com/2014/03/25/e-cig-study-much-smoke-little-light/,4
http://slatestarcodex.com/2014/03/24/should-you-reverse-any-advice-you-hear/,207
http://slatestarcodex.com/2014/03/22/more-links-for-march-2014/,5
http://slatestarcodex.com/2014/03/20/typical-mind-and-disbelief-in-straight-people/,401
http://slatestarcodex.com/2014/03/20/michigan-meetup-and-memory-workshop-323/,0
http://slatestarcodex.com/2014/03/17/what-universal-human-experiences-are-you-missing-without-realizing-it/,984
http://slatestarcodex.com/2014/03/15/can-it-be-wrong-to-crystallize-patterns/,7
http://slatestarcodex.com/2014/03/13/five-years-and-one-week-of-less-wrong/,36
http://slatestarcodex.com/2014/03/10/the-bible-in-palindromes/,96
http://slatestarcodex.com/2014/03/08/the-slate-star-codex-political-spectrum-quiz/,207
http://slatestarcodex.com/2014/03/06/links-for-march-2014/,1
http://slatestarcodex.com/2014/03/04/book-review-the-perfect-health-diet/,10
http://slatestarcodex.com/2014/03/03/do-life-hacks-ever-reach-fixation/,0
http://slatestarcodex.com/2014/03/02/the-comment-policy-is-victorian-sufi-buddha-lite/,7
http://slatestarcodex.com/2014/03/02/correction-mountain-view-meetup-34/,0
http://slatestarcodex.com/2014/03/01/searching-for-one-sided-tradeoffs/,27
http://slatestarcodex.com/2014/02/28/unteachable-things-hard-to-teach-study-suggests/,20
http://slatestarcodex.com/2014/02/25/fix-science-in-half-an-hour/,60
http://slatestarcodex.com/2014/02/25/suggest-a-comments-policy/,0
http://slatestarcodex.com/2014/02/24/more-links-for-february-2014/,1
http://slatestarcodex.com/2014/02/23/in-favor-of-niceness-community-and-civilization/,915
http://slatestarcodex.com/2014/02/20/effects-of-vertical-acceleration-on-wrongness/,51
http://slatestarcodex.com/2014/02/19/god-bless-longecity/,32
http://slatestarcodex.com/2014/02/18/proposed-biological-explanations-for-historical-trends-in-crime/,116
http://slatestarcodex.com/2014/02/17/lies-damned-lies-and-social-media-part-5-of-%e2%88%9e/,0
http://slatestarcodex.com/2014/02/16/nootropics-survey-results-and-analysis/,359
http://slatestarcodex.com/2014/02/14/bad-dreams/,112
http://slatestarcodex.com/2014/02/13/housekeeping-post-february-2014/,2
http://slatestarcodex.com/2014/02/11/blogging-the-anissimov-smith-reaction-debate/,1
http://slatestarcodex.com/2014/02/10/links-for-february-2014/,7
http://slatestarcodex.com/2014/02/08/seeming-and-being-empathetic/,27
http://slatestarcodex.com/2014/02/03/more-search-terms-that-have-led-people-to-this-blog/,34
http://slatestarcodex.com/2014/02/02/based-on-your-findings-which-theory-about-alien-thickness-seems-most-valid-or-most-accurate/,36
http://slatestarcodex.com/2014/01/28/wirehead-gods-on-lotus-thrones/,60
http://slatestarcodex.com/2014/01/28/predictions-for-2014/,0
http://slatestarcodex.com/2014/01/26/more-links-for-january/,13
http://slatestarcodex.com/2014/01/25/beware-mass-produced-medical-recommendations/,216
http://slatestarcodex.com/2014/01/19/genetic-testing-and-self-fulfilling-prophecies/,0
http://slatestarcodex.com/2014/01/15/ten-things-i-want-to-stop-seeing-on-the-internet-in-2014/,184
http://slatestarcodex.com/2014/01/12/areteaus-on-bipolar-disorder/,18
http://slatestarcodex.com/2014/01/12/a-response-to-apophemi-on-triggers/,280
http://slatestarcodex.com/2014/01/08/links-for-january/,10
http://slatestarcodex.com/2014/01/05/marijuana-much-more-than-you-wanted-to-know/,542
http://slatestarcodex.com/2014/01/02/two-dark-side-statistics-papers/,538
http://slatestarcodex.com/2013/12/29/the-spirit-of-the-first-amendment/,194
http://slatestarcodex.com/2013/12/28/a-comment-i-posted-on-what-would-jt-do/,20
http://slatestarcodex.com/2013/12/28/meetup-southeast-michigan/,0
http://slatestarcodex.com/2013/12/24/repost-a-christmas-poem/,43
http://slatestarcodex.com/2013/12/23/we-are-all-msscribe/,89
http://slatestarcodex.com/2013/12/22/public-awareness-campaigns/,17
http://slatestarcodex.com/2013/12/18/less-wrong-more-rite-ii/,17
http://slatestarcodex.com/2013/12/17/statistical-literacy-among-doctors-now-lower-than-chance/,784
http://slatestarcodex.com/2013/12/13/more-links-for-december/,14
http://slatestarcodex.com/2013/12/12/papal-pr/,30
http://slatestarcodex.com/2013/12/08/a-something-sort-of-like-left-libertarianism-ist-manifesto/,397
http://slatestarcodex.com/2013/12/04/the-logician-and-the-god-emperor/,169
http://slatestarcodex.com/2013/12/02/more-fictional-drugs-banned-by-the-fda/,32
http://slatestarcodex.com/2013/12/01/links-for-december/,17
http://slatestarcodex.com/2013/12/01/empireforest-fire/,7
http://slatestarcodex.com/2013/11/28/the-story-of-thanksgiving-is-a-science-fiction-story/,553
http://slatestarcodex.com/2013/11/26/a-letter-i-will-probably-send-to-the-fda/,283
http://slatestarcodex.com/2013/11/21/november-housekeeping-post/,0
http://slatestarcodex.com/2013/11/19/genetic-russian-roulette/,174
http://slatestarcodex.com/2013/11/17/more-links-for-november/,7
http://slatestarcodex.com/2013/11/10/highlights-from-my-notes-from-a-forensic-psychiatry-conference-last-week/,29
http://slatestarcodex.com/2013/11/08/lies-damned-lies-and-facebook-part-4-of-%e2%88%9e/,0
http://slatestarcodex.com/2013/11/04/list-of-reasons-why-gunpowder-treason-should-be-forgot/,25
http://slatestarcodex.com/2013/11/03/the-witching-hour/,141
http://slatestarcodex.com/2013/11/01/links-for-november/,1
http://slatestarcodex.com/2013/10/31/the-poor-you-will-always-have-with-you/,7
http://slatestarcodex.com/2013/10/25/list-of-fictional-drugs-banned-by-the-fda/,129
http://slatestarcodex.com/2013/10/24/some-preliminary-responses-to-responses-to-the-anti-reactionary-faq/,0
http://slatestarcodex.com/2013/10/20/the-anti-reactionary-faq/,755
http://slatestarcodex.com/2013/09/30/links-for-octember/,2
http://slatestarcodex.com/2013/09/28/sleep-now-by-prescription/,84
http://slatestarcodex.com/2013/09/25/the-trend-evaluation-of-all-values/,1
http://slatestarcodex.com/2013/09/24/prediction-is-very-difficult-especially-of-the-past/,3
http://slatestarcodex.com/2013/09/21/the-thin-blue-line-that-stays-bizarrely-horizontal/,25
http://slatestarcodex.com/2013/09/19/scientific-freud/,106
http://slatestarcodex.com/2013/09/18/inefficient-hot-dogs/,81
http://slatestarcodex.com/2013/09/14/giving-and-accepting-apologies/,56
http://slatestarcodex.com/2013/09/12/the-life-cycle-of-medical-ideas/,199
http://slatestarcodex.com/2013/09/02/links-for-september/,11
http://slatestarcodex.com/2013/08/30/military-strikes-are-an-extremely-cheap-way-to-help-foreigners/,148
http://slatestarcodex.com/2013/08/29/fake-euthanasia-statistics/,20
http://slatestarcodex.com/2013/08/25/fake-consensualism/,91
http://slatestarcodex.com/2013/08/23/things-i-dont-understand-about-genetics-a-non-exhaustive-list/,0
